"time",(count/sec) IMAP:Status:BAD,(count/sec) IMAP:Status:BYE,(count/sec) IMAP:Status:NO,(count/sec) IMAP:Status:OK
"2022/12/20 10:00 PST","18.706666666666667","96760.43333333333","321.61","1436900.07"
"2022/12/20 10:05 PST","20.816666666666666","110612.89","330.3933333333333","1651505.4533333334"
"2022/12/20 10:10 PST","19.783333333333335","108835.10666666667","327.6766666666667","1606647.86"
"2022/12/20 10:15 PST","18.383333333333333","104525.51666666666","341.64","1541857.22"
"2022/12/20 10:20 PST","21.516666666666666","102532.70333333334","354.45","1515547.3533333333"
"2022/12/20 10:25 PST","21.65","99456.32333333333","348.4166666666667","1471999.84"
"2022/12/20 10:30 PST","21.653333333333332","98720.04","351.11","1463715.29"
"2022/12/20 10:35 PST","20.94","102205.91666666667","337.68666666666667","1515260.83"
"2022/12/20 10:40 PST","19.383333333333333","98155.49666666667","339.9633333333333","1454189.69"
"2022/12/20 10:45 PST","19.446666666666665","96943.17666666667","335.34","1440524.9966666666"
"2022/12/20 10:50 PST","19.83","96858.28","343.94666666666666","1439892.3466666667"
"2022/12/20 10:55 PST","18.296666666666667","94732.36","341.29333333333335","1405918.7"
"2022/12/20 11:00 PST","17.3","93848.69666666667","340.49666666666667","1394947.7033333334"
"2022/12/20 11:05 PST","18.073333333333334","106687.29666666666","347.56","1595593.3033333332"
"2022/12/20 11:10 PST","18.21","102694.77","346.56","1515279.27"
"2022/12/20 11:15 PST","16.966666666666665","99593.02666666667","353.69666666666666","1470242.5233333334"
"2022/12/20 11:20 PST","16.796666666666667","98992.58","345.75666666666666","1463262.9866666666"
"2022/12/20 11:25 PST","16.523333333333333","96730.41666666667","345.8333333333333","1435105.1733333333"
"2022/12/20 11:30 PST","15.83","95133.78333333334","339.78","1412372.4766666666"
"2022/12/20 11:35 PST","17.033333333333335","98241.31","339.49","1458271.5133333334"
"2022/12/20 11:40 PST","16.51","96117.56333333334","340.56","1429502.0933333333"
"2022/12/20 11:45 PST","17.176666666666666","94013.15","347.64","1398922.6466666667"
"2022/12/20 11:50 PST","17.393333333333334","94110.78333333334","341.3233333333333","1400435.1066666667"
"2022/12/20 11:55 PST","17.176666666666666","92710.73333333334","337.43333333333334","1381351.49"
"2022/12/20 12:00 PST","19.783333333333335","92903.18666666666","335.34","1383065.8666666667"
"2022/12/20 12:05 PST","20.05","105782.67","349.08666666666664","1579243.02"
"2022/12/20 12:10 PST","18.376666666666665","103961.05666666667","344.96","1539559.5466666666"
"2022/12/20 12:15 PST","17.99","101408.73","344.30333333333334","1501656.7966666666"
"2022/12/20 12:20 PST","16.7","101038.15333333334","353.44666666666666","1496706.7933333332"
"2022/12/20 12:25 PST","18.036666666666665","97703.16666666667","342.93666666666667","1440520.87"
"2022/12/20 12:30 PST","18.403333333333332","96381.28666666667","326.5966666666667","1421398.6466666667"
"2022/12/20 12:35 PST","16.966666666666665","99700.32","329.6066666666667","1469654.7566666666"
"2022/12/20 12:40 PST","19.45","96529.58666666667","321.97333333333336","1424844.43"
"2022/12/20 12:45 PST","17.743333333333332","95171.96333333333","314.09","1403584.9566666668"
"2022/12/20 12:50 PST","17.48","96220.96333333333","322.6166666666667","1419549.9666666666"
"2022/12/20 12:55 PST","18.22","95602.30333333333","325.88","1405007.52"
"2022/12/20 13:00 PST","18.5","95523.4","335.96666666666664","1400580.05"
"2022/12/20 13:05 PST","18.98","107044.26333333334","348.76","1572215.7266666666"
"2022/12/20 13:10 PST","19.55666666666667","103834.44666666667","340.2","1517264.1266666667"
"2022/12/20 13:15 PST","19.676666666666666","101299.29333333333","320.5933333333333","1477826.76"
"2022/12/20 13:20 PST","19.58","101791.81666666667","325.37333333333333","1491633.5966666667"
"2022/12/20 13:25 PST","17.89","101020.16","328.0233333333333","1473162.9466666668"
"2022/12/20 13:30 PST","18.613333333333333","99802.22333333333","324.0233333333333","1455907.3866666667"
"2022/12/20 13:35 PST","20.096666666666668","102993.44","317.43666666666667","1501464.18"
"2022/12/20 13:40 PST","20.016666666666666","100142.90666666666","326.14666666666665","1461261.2"
"2022/12/20 13:45 PST","18.213333333333335","98337.6","318.0933333333333","1434822.51"
"2022/12/20 13:50 PST","17.47","97686.96666666666","319.53","1425360.07"
"2022/12/20 13:55 PST","18.416666666666668","95558.49","321.76","1391008.1933333334"
"2022/12/20 14:00 PST","18.673333333333332","95252.98666666666","331.0566666666667","1389513.8533333333"
"2022/12/20 14:05 PST","18.263333333333332","106421.27333333333","330.0833333333333","1550996.2433333334"
"2022/12/20 14:10 PST","19.626666666666665","102373.06","319.52","1486794.9133333333"
"2022/12/20 14:15 PST","18.266666666666666","100496.24333333333","311.79333333333335","1457049.4166666667"
"2022/12/20 14:20 PST","18.423333333333332","99323.39","324.18","1439763.1266666667"
"2022/12/20 14:25 PST","18.223333333333333","97282.48","312.33666666666664","1407241.4166666667"
"2022/12/20 14:30 PST","17.743333333333332","95682.54333333333","306.70666666666665","1384399.3833333333"
"2022/12/20 14:35 PST","16.783333333333335","98583.64666666667","311.5233333333333","1425388.26"
"2022/12/20 14:40 PST","18.776666666666667","95946.2","306.20666666666665","1389472.2333333334"
"2022/12/20 14:45 PST","18.416666666666668","94909.01333333334","309.68666666666667","1368882.7766666666"
"2022/12/20 14:50 PST","19.77","94175.44333333333","322.54","1361084.9666666666"
"2022/12/20 14:55 PST","19.333333333333332","93067.98333333334","321.83666666666664","1342453.07"
"2022/12/20 15:00 PST","19.75","95757.95","296.44666666666666","1369188.34"
"2022/12/20 15:05 PST","19.623333333333335","109092.13666666667","304.54","1564031.8766666667"
"2022/12/20 15:10 PST","18.786666666666665","105289.97333333333","313.67333333333335","1486081"
"2022/12/20 15:15 PST","19.233333333333334","102183.91","298.84","1440958.43"
"2022/12/20 15:20 PST","17.363333333333333","100742.94333333333","289.01666666666665","1442665.87"
"2022/12/20 15:25 PST","17.483333333333334","99484.43","290.2366666666667","1402803.5833333333"
"2022/12/20 15:30 PST","14.72","98098.68333333333","301.96","1383408.4733333334"
"2022/12/20 15:35 PST","18.243333333333332","97551.47","296.06333333333333","1393096.12"
"2022/12/20 15:40 PST","16.973333333333333","95858.32333333333","297.98","1351871.4233333333"
"2022/12/20 15:45 PST","15.913333333333334","94716.45333333334","264.89","1333600.8233333332"
"2022/12/20 15:50 PST","15.816666666666666","94283.15333333334","264.18666666666667","1328914.18"
"2022/12/20 15:55 PST","16.38","93949.70333333334","270.62666666666667","1318395.43"
"2022/12/20 16:00 PST","16.86","93077.00333333333","272.91","1301881.4233333333"
"2022/12/20 16:05 PST","16.706666666666667","104944.17","278.86333333333334","1473284.6633333333"
"2022/12/20 16:10 PST","16.376666666666665","101928.61","267.12666666666667","1421023.7633333334"
"2022/12/20 16:15 PST","16.19","98895.92666666667","262.69","1375717.0766666667"
"2022/12/20 16:20 PST","15.156666666666666","96413.12333333334","272.8333333333333","1351935.5566666666"
"2022/12/20 16:25 PST","15.92","94928.09333333334","298.2366666666667","1324028.1233333333"
"2022/12/20 16:30 PST","16.39","92820.43333333333","304.24666666666667","1294692.0166666666"
"2022/12/20 16:35 PST","16.33","95089.78666666667","308.9433333333333","1324857.2"
"2022/12/20 16:40 PST","17.793333333333333","92365.59666666666","298.88","1289297.2666666666"
"2022/12/20 16:45 PST","16.526666666666667","91299.31666666667","296.91","1275245.4066666667"
"2022/12/20 16:50 PST","16.616666666666667","90499.65","304.74","1264518.74"
"2022/12/20 16:55 PST","13.78","89414.88","302.94666666666666","1249200.1033333333"
"2022/12/20 17:00 PST","15.826666666666666","88324.66333333333","302.47","1231700.92"
"2022/12/20 17:05 PST","16.63","98259.25666666667","305.23333333333335","1387387.01"
"2022/12/20 17:10 PST","17.413333333333334","95850.66666666667","307.37","1334057.74"
"2022/12/20 17:15 PST","16.096666666666668","93407.99666666667","295.0566666666667","1299272.6166666667"
"2022/12/20 17:20 PST","16.30666666666667","91935.02666666667","301.89","1286554.4033333333"
"2022/12/20 17:25 PST","15.686666666666667","89880.58","302.6666666666667","1254619.7666666666"
"2022/12/20 17:30 PST","13.593333333333334","88026.22666666667","286.99666666666667","1231957.6866666668"
"2022/12/20 17:35 PST","12.596666666666666","89677","290.41","1257947.2666666666"
"2022/12/20 17:40 PST","14.34","86457.62333333334","293.33666666666664","1213329.6933333334"
"2022/12/20 17:45 PST","13.403333333333334","85275.35","275.97","1196735.0166666666"
"2022/12/20 17:50 PST","13.073333333333334","85481.18","284.99333333333334","1203051.04"
"2022/12/20 17:55 PST","12.97","83911.66","288.37","1181041.5266666666"
"2022/12/20 18:00 PST","13.466666666666667","83587.04333333333","291.94","1175794.3166666667"
"2022/12/20 18:05 PST","14.45","92022.17333333334","294.5933333333333","1296971.4233333333"
"2022/12/20 18:10 PST","13.166666666666666","89786.40333333334","296.3933333333333","1254052.7333333334"
"2022/12/20 18:15 PST","14.073333333333334","88402.97666666667","282.65","1233015.04"
"2022/12/20 18:20 PST","14.943333333333333","88652.53","287.12333333333333","1237352.76"
"2022/12/20 18:25 PST","14.58","86654.16333333333","283.00666666666666","1208338.0133333334"
"2022/12/20 18:30 PST","15.156666666666666","85935.42","282.5233333333333","1200820.63"
"2022/12/20 18:35 PST","13.773333333333333","87303.02","278.6933333333333","1219413.8033333332"
"2022/12/20 18:40 PST","14.3","85908.64666666667","282.23","1201703.06"
"2022/12/20 18:45 PST","13.716666666666667","85197.22","281.91333333333336","1191200.0733333332"
"2022/12/20 18:50 PST","14.123333333333333","86122.68333333333","276.82","1201637.57"
"2022/12/20 18:55 PST","15.81","85167.28","281.1933333333333","1187281.2566666666"
"2022/12/20 19:00 PST","15.326666666666666","84931.07666666666","277.71","1180830.03"
"2022/12/20 19:05 PST","15.65","93901.99333333333","285.88","1309477.9366666668"
"2022/12/20 19:10 PST","15.666666666666666","92953.19","281.81","1283072.2866666666"
"2022/12/20 19:15 PST","15.696666666666667","91621.33666666667","276.23333333333335","1260924.9166666667"
"2022/12/20 19:20 PST","15.31","90107.52333333333","277.23","1247090"
"2022/12/20 19:25 PST","20.016666666666666","88652.75666666667","268.52666666666664","1225454.0066666666"
"2022/12/20 19:30 PST","19.863333333333333","88537.42333333334","274.53333333333336","1225062.9833333334"
"2022/12/20 19:35 PST","18.29","89318.94","277.0133333333333","1233291.84"
"2022/12/20 19:40 PST","16.326666666666668","87884.56666666667","273.05333333333334","1216151.8366666667"
"2022/12/20 19:45 PST","16.38","87532.25","265.53333333333336","1207639.9933333334"
"2022/12/20 19:50 PST","16.03","87855.40666666666","269.6","1209571.1966666668"
"2022/12/20 19:55 PST","16.833333333333332","87066.45333333334","266.74666666666667","1198042.9966666666"
"2022/12/20 20:00 PST","15.73","87764.61","261.83666666666664","1203583.0033333334"
"2022/12/20 20:05 PST","14.94","93803.06","272.43","1279821.1366666667"
"2022/12/20 20:10 PST","16.366666666666667","89130.36","275.8333333333333","1210881.9233333333"
"2022/12/20 20:15 PST","15.173333333333334","87796.46666666666","268.74333333333334","1192837.83"
"2022/12/20 20:20 PST","16.553333333333335","86815.53","267.68333333333334","1183693.63"
"2022/12/20 20:25 PST","14.426666666666666","85803.56333333334","288.39666666666665","1165870.2633333334"
"2022/12/20 20:30 PST","15.436666666666667","84902.42","266.9633333333333","1155196.2066666668"
"2022/12/20 20:35 PST","15.55","85939.76333333334","266.13","1167635.4533333334"
"2022/12/20 20:40 PST","13.713333333333333","84026.62333333334","265.65","1144585.3866666667"
"2022/12/20 20:45 PST","14.32","83489.27666666667","258.5366666666667","1136584.22"
"2022/12/20 20:50 PST","15.436666666666667","83525.51666666666","262.8933333333333","1134988.0066666666"
"2022/12/20 20:55 PST","14.24","82761.09333333334","271.54333333333335","1124096.9366666668"
"2022/12/20 21:00 PST","14.78","82718.13","263.78","1120409.7166666666"
"2022/12/20 21:05 PST","14.57","90848.13333333333","267.68","1224833.5633333332"
"2022/12/20 21:10 PST","14.18","87266.59","271.2033333333333","1170840.5333333334"
"2022/12/20 21:15 PST","15.38","86408.58","269.1566666666667","1162441.4133333333"
"2022/12/20 21:20 PST","15","86167.71666666666","273.7133333333333","1175505.5466666666"
"2022/12/20 21:25 PST","13.403333333333334","85231.49666666667","262.16333333333336","1144701.28"
"2022/12/20 21:30 PST","15.566666666666666","84573.53333333334","253.12","1135040.8933333333"
"2022/12/20 21:35 PST","15.36","86524.60666666667","250.92","1153549.12"
"2022/12/20 21:40 PST","15.96","84577.40333333334","264.31","1133986.38"
"2022/12/20 21:45 PST","16.55666666666667","84309.33333333333","261.54","1127636.2633333334"
"2022/12/20 21:50 PST","16.313333333333333","84722.19","254.87333333333333","1131779.1733333333"
"2022/12/20 21:55 PST","16.27","84004.27333333333","264.76666666666665","1122483.8366666667"
"2022/12/20 22:00 PST","15.596666666666666","83997.59666666666","261.10333333333335","1121650.2266666666"
"2022/12/20 22:05 PST","14.696666666666667","95146.1","273.1566666666667","1265923.06"
"2022/12/20 22:10 PST","15.433333333333334","91930.35","262.5","1213094.4533333334"
"2022/12/20 22:15 PST","15.723333333333333","90319.28","280.16","1193276.05"
"2022/12/20 22:20 PST","15.29","89566.65666666666","287.71","1191890.38"
"2022/12/20 22:25 PST","13.283333333333333","87893.47","294.1933333333333","1164893.6533333333"
"2022/12/20 22:30 PST","13.556666666666667","87075.70333333334","293.18","1153645.39"
"2022/12/20 22:35 PST","14.246666666666666","89782.64333333333","288.5933333333333","1188424.6166666667"
"2022/12/20 22:40 PST","16.24","87047.44666666667","289.67333333333335","1156900.9266666668"
"2022/12/20 22:45 PST","15.366666666666667","86347.75666666667","287.6933333333333","1148403.0733333332"
"2022/12/20 22:50 PST","16.373333333333335","85882.96","303.8833333333333","1142065.06"
"2022/12/20 22:55 PST","15.85","85229.72666666667","294.81333333333333","1134958.05"
"2022/12/20 23:00 PST","17.326666666666668","84295.66666666667","296.89666666666665","1123349.62"
"2022/12/20 23:05 PST","18.26","96783.90666666666","296.33","1288801.9166666667"
"2022/12/20 23:10 PST","17.493333333333332","94275.13666666667","294.64666666666665","1242668.0866666667"
"2022/12/20 23:15 PST","16.166666666666668","92323.88666666667","296.09","1218129.3533333333"
"2022/12/20 23:20 PST","16.24","90857.37333333334","298.6","1206420.5666666667"
"2022/12/20 23:25 PST","15.28","89159.58333333333","290.6333333333333","1185793.42"
"2022/12/20 23:30 PST","16.273333333333333","88213.1","283.4166666666667","1174928.7233333334"
"2022/12/20 23:35 PST","15.733333333333333","91585.22666666667","290.13666666666666","1222095.85"
"2022/12/20 23:40 PST","16.843333333333334","88433.30666666667","299.67","1183725.01"
"2022/12/20 23:45 PST","13.313333333333333","87434.24","290.43333333333334","1173335.2333333334"
"2022/12/20 23:50 PST","15.97","87879.66333333333","291.69666666666666","1181838.57"
"2022/12/20 23:55 PST","17.263333333333332","86911.41333333333","279.41333333333336","1167796.51"
"2022/12/21 00:00 PST","16.83","86112.11","294.95666666666665","1160311.6966666668"
"2022/12/21 00:05 PST","16.94333333333333","100821.04666666666","314.7","1362115.7033333334"
"2022/12/21 00:10 PST","16.843333333333334","96945.97333333333","299.45","1299005.0733333332"
"2022/12/21 00:15 PST","16.046666666666667","96143.72666666667","280.98","1289961.8066666666"
"2022/12/21 00:20 PST","17.383333333333333","94895.72666666667","285.7733333333333","1283060.8366666667"
"2022/12/21 00:25 PST","17.35333333333333","92065.21","277.4166666666667","1242371.8466666667"
"2022/12/21 00:30 PST","17.626666666666665","90828.19","280.2733333333333","1227850.3133333332"
"2022/12/21 00:35 PST","17.463333333333335","93778.32","293.71666666666664","1271776.5833333333"
"2022/12/21 00:40 PST","17.373333333333335","90987.31333333334","288.39666666666665","1235615.06"
"2022/12/21 00:45 PST","17.616666666666667","89888.98666666666","279.94666666666666","1222675.2266666666"
"2022/12/21 00:50 PST","18.39666666666667","89274.39","283.99","1219114.95"
"2022/12/21 00:55 PST","19.196666666666665","88130.07333333333","286.96","1203033.7533333334"
"2022/12/21 01:00 PST","18.713333333333335","87601.76666666666","293.06","1197299.5266666666"
"2022/12/21 01:05 PST","17.96","100808.43","299.47333333333336","1385678.74"
"2022/12/21 01:10 PST","18.64666666666667","96646.24333333333","309.79","1310308.7866666666"
"2022/12/21 01:15 PST","18.213333333333335","93349.44333333333","288.16","1271371.3633333333"
"2022/12/21 01:20 PST","18.793333333333333","92991.83666666667","288.3833333333333","1270685.3766666667"
"2022/12/21 01:25 PST","17.43","91147.20333333334","292.35333333333335","1247302.0066666666"
"2022/12/21 01:30 PST","17.623333333333335","90006.76","286.70666666666665","1235086.22"
"2022/12/21 01:35 PST","17.906666666666666","93135.49666666667","290.5733333333333","1277464.0366666666"
"2022/12/21 01:40 PST","18.07","89936.92","292.95","1237757.0433333332"
"2022/12/21 01:45 PST","18.626666666666665","88975.17333333334","291.57","1225320.9466666668"
"2022/12/21 01:50 PST","16.833333333333332","88582.87","287.82666666666665","1221701.73"
"2022/12/21 01:55 PST","17.086666666666666","88068.65333333334","288.52666666666664","1216720.5633333332"
"2022/12/21 02:00 PST","17.61","87927.21","282.4866666666667","1213913.44"
"2022/12/21 02:05 PST","18.13","99207.69333333333","280.51","1364746.2266666666"
"2022/12/21 02:10 PST","18.526666666666667","95943.1","278.18333333333334","1313228.5"
"2022/12/21 02:15 PST","16.843333333333334","94224.18","278.4","1290407.6"
"2022/12/21 02:20 PST","18.11","93125.06333333334","270.76666666666665","1278679.6"
"2022/12/21 02:25 PST","17.683333333333334","91168.18333333333","267.97","1252461.65"
"2022/12/21 02:30 PST","18.63","90517.83666666667","262.1333333333333","1245115.9766666666"
"2022/12/21 02:35 PST","15.653333333333334","94398.32333333333","276.62666666666667","1292056.93"
"2022/12/21 02:40 PST","18.466666666666665","91633.3","275.58666666666664","1258271.5133333334"
"2022/12/21 02:45 PST","17.256666666666668","90919.67666666667","270.17","1246625.4933333334"
"2022/12/21 02:50 PST","17.536666666666665","91464.55666666667","267.25333333333333","1255046.0766666667"
"2022/12/21 02:55 PST","18.07","91067.71333333333","273.12","1246770.66"
"2022/12/21 03:00 PST","19.873333333333335","90495.09666666666","271.8933333333333","1237242.02"
"2022/12/21 03:05 PST","19.633333333333333","105393.96","279.19","1437342.99"
"2022/12/21 03:10 PST","18.196666666666665","101665.73666666666","271.0833333333333","1379600.7066666668"
"2022/12/21 03:15 PST","17","99031.78333333334","266.6433333333333","1343767.0366666666"
"2022/12/21 03:20 PST","18.256666666666668","98018.23666666666","270.03333333333336","1333320.5466666666"
"2022/12/21 03:25 PST","18.616666666666667","95987.05","273.0233333333333","1305531.2066666668"
"2022/12/21 03:30 PST","15.9","95335.15","278.81333333333333","1300899.6966666668"
"2022/12/21 03:35 PST","18.233333333333334","98690.87333333334","279.4433333333333","1342041.0766666667"
"2022/12/21 03:40 PST","17.743333333333332","95543.32666666666","280.9266666666667","1304265.6466666667"
"2022/12/21 03:45 PST","17.783333333333335","94263.85333333333","273.68","1289651.2533333334"
"2022/12/21 03:50 PST","19.863333333333333","94910.46333333333","278.1433333333333","1300008.5933333333"
"2022/12/21 03:55 PST","19.213333333333335","93818.5","272.78333333333336","1286996.9333333333"
"2022/12/21 04:00 PST","18.726666666666667","94704.04666666666","275.6933333333333","1298275.7566666666"
"2022/12/21 04:05 PST","18.826666666666668","110698.59","283.5466666666667","1521525.81"
"2022/12/21 04:10 PST","17.736666666666668","109364.46333333333","283.18","1479212.5833333333"
"2022/12/21 04:15 PST","16.946666666666665","105500.91","280.9266666666667","1424468.2466666666"
"2022/12/21 04:20 PST","17.773333333333333","103854.71","279.50333333333333","1407795.0533333332"
"2022/12/21 04:25 PST","17.946666666666665","102038.65333333334","272.06666666666666","1384317.0366666666"
"2022/12/21 04:30 PST","19.473333333333333","101643.26333333334","286.5233333333333","1382274.6933333334"
"2022/12/21 04:35 PST","16.75","107212.24666666667","298.51","1463366.77"
"2022/12/21 04:40 PST","16.816666666666666","103086.58333333333","290.4166666666667","1408709.4233333333"
"2022/12/21 04:45 PST","16.59","101957.76666666666","295.2","1392480.9366666668"
"2022/12/21 04:50 PST","18.03","102643.85666666667","290.3933333333333","1406907.6233333333"
"2022/12/21 04:55 PST","16.913333333333334","102004.93666666666","296.08666666666664","1399157.1933333334"
"2022/12/21 05:00 PST","16.74","102366.90666666666","317.2","1402834.1866666668"
"2022/12/21 05:05 PST","20.77","116248.3","308.8333333333333","1610257.37"
"2022/12/21 05:10 PST","17.916666666666668","113343.42","302.79","1561963.8333333333"
"2022/12/21 05:15 PST","18.246666666666666","109698.93333333333","304.3233333333333","1515544.9266666668"
"2022/12/21 05:20 PST","17.533333333333335","108838.93333333333","336.89","1506887.9033333333"
"2022/12/21 05:25 PST","20.236666666666668","106026.27","302.3466666666667","1467748.6633333333"
"2022/12/21 05:30 PST","19.4","103662.05666666667","298.68","1440980.2733333334"
"2022/12/21 05:35 PST","20.05","108418.33","306.7033333333333","1517243.2166666666"
"2022/12/21 05:40 PST","20.883333333333333","104510.17","308.71","1463563.4133333333"
"2022/12/21 05:45 PST","20.51","103446.40333333334","310.63","1452659.11"
"2022/12/21 05:50 PST","18.916666666666668","103730.25666666667","338.88666666666666","1463399.8733333333"
"2022/12/21 05:55 PST","16.85","101734.08666666667","316.86","1440220.2"
"2022/12/21 06:00 PST","18.346666666666668","101308.11","400.54","1432065.8433333333"
"2022/12/21 06:05 PST","19.383333333333333","116350.38666666667","326.06333333333333","1670628.6633333333"
"2022/12/21 06:10 PST","19.336666666666666","115875.14666666667","353.34","1648907.3033333332"
"2022/12/21 06:15 PST","17.27","112691.99","317.87666666666667","1600153.3266666667"
"2022/12/21 06:20 PST","17.68","111650.09333333334","316.9","1589359.1633333333"
"2022/12/21 06:25 PST","19.513333333333332","108763.9","320.34","1548715.4666666666"
"2022/12/21 06:30 PST","19.343333333333334","106909.62666666666","311.68","1521187.7533333334"
"2022/12/21 06:35 PST","20.89666666666667","109736.81333333334","323.45","1575596.91"
"2022/12/21 06:40 PST","22.316666666666666","106246.09333333334","337.35333333333335","1524062.4666666666"
"2022/12/21 06:45 PST","21.083333333333332","105207.32333333333","314.8466666666667","1513865.8266666667"
"2022/12/21 06:50 PST","20.176666666666666","105511.62666666666","314.6766666666667","1522836.6233333333"
"2022/12/21 06:55 PST","19.726666666666667","103846.28333333334","325.6933333333333","1499417.5066666666"
"2022/12/21 07:00 PST","17.9","103147.74333333333","318.62666666666667","1491439.4066666667"
"2022/12/21 07:05 PST","18.916666666666668","117565.98333333334","326.75333333333333","1716443.6466666667"
"2022/12/21 07:10 PST","19.1","117778.76666666666","325.08","1705101.4733333334"
"2022/12/21 07:15 PST","19.60333333333333","114112.29666666666","329.03333333333336","1649752.25"
"2022/12/21 07:20 PST","19.05","112050.31333333334","325.93333333333334","1621332.06"
"2022/12/21 07:25 PST","18.04","107372.32333333333","324.48","1554758.3633333333"
"2022/12/21 07:30 PST","17.72","105874.06333333334","325.37666666666667","1536562.3833333333"
"2022/12/21 07:35 PST","18.506666666666668","109354.12333333334","318.25","1596121.4866666666"
"2022/12/21 07:40 PST","18.076666666666668","106014.99333333333","316.66","1545139.0333333334"
"2022/12/21 07:45 PST","18.63","102967.21666666666","315.2633333333333","1502004.7"
"2022/12/21 07:50 PST","18.996666666666666","103197.14333333333","317.36","1513815.6966666668"
"2022/12/21 07:55 PST","18.53","101479.78333333334","321.79333333333335","1487874.0566666666"
"2022/12/21 08:00 PST","19.303333333333335","101052.44333333333","308.2033333333333","1481931.1166666667"
"2022/12/21 08:05 PST","21.203333333333333","115946.74666666667","312.37666666666667","1709592.7333333334"
"2022/12/21 08:10 PST","20.86","115769.49333333333","319.2966666666667","1689618.08"
"2022/12/21 08:15 PST","19.283333333333335","111483.54666666666","322.07666666666665","1623125.0433333332"
"2022/12/21 08:20 PST","19.19","110097.34666666666","321.24","1608295.95"
"2022/12/21 08:25 PST","17.403333333333332","106099.45666666667","330.91","1549524.54"
"2022/12/21 08:30 PST","19.81","104263.57","312.1766666666667","1524889.5466666666"
"2022/12/21 08:35 PST","18.496666666666666","108474.38333333333","313.9166666666667","1596462.26"
"2022/12/21 08:40 PST","19.07","103983.21333333333","318.8833333333333","1523121.1133333333"
"2022/12/21 08:45 PST","17.95","101742.13333333333","313.49666666666667","1497058.7333333334"
"2022/12/21 08:50 PST","17.983333333333334","102536.86","310.8666666666667","1510817.5233333334"
"2022/12/21 08:55 PST","18.536666666666665","100495.40333333334","308.32","1478029.1866666668"
"2022/12/21 09:00 PST","18.47","99829.84","313.74","1467917.7533333334"
"2022/12/21 09:05 PST","19.263333333333332","116997.43","334.3466666666667","1728584.68"
"2022/12/21 09:10 PST","19.596666666666668","119404.49","315.45666666666665","1733274.2533333334"
"2022/12/21 09:15 PST","19.2","115161.09333333334","299.18666666666667","1660727.7033333334"
"2022/12/21 09:20 PST","20.376666666666665","110751.88666666667","298.9033333333333","1609395.7533333334"
"2022/12/21 09:25 PST","17.716666666666665","106098.72","303.4433333333333","1548664.41"
"2022/12/21 09:30 PST","17.7","104461.57333333333","307.7733333333333","1526220.7133333334"
"2022/12/21 09:35 PST","17.096666666666668","108507.48666666666","304.38666666666666","1587631.03"
"2022/12/21 09:40 PST","18.05","103967.66666666667","305.4","1512024.4666666666"
"2022/12/21 09:45 PST","17.783333333333335","101885.05","302.54333333333335","1491438.9266666668"
"2022/12/21 09:50 PST","17.606666666666666","100852.21333333333","301.82","1472872.77"
"2022/12/21 09:55 PST","17.39666666666667","98693.09666666666","305.8333333333333","1446302.5266666666"
"2022/12/21 10:00 PST","17.623333333333335","98028.32666666666","308.2866666666667","1439356.6533333333"
"2022/12/21 10:05 PST","17.87","111514.07","329.1066666666667","1643727.1966666668"
"2022/12/21 10:10 PST","19.016666666666666","108659.76666666666","303.3466666666667","1584834.76"
"2022/12/21 10:15 PST","17.63","105637.97666666667","319.8233333333333","1543307.6133333333"
"2022/12/21 10:20 PST","18.63","104367.01333333334","321.96","1524281.7933333332"
"2022/12/21 10:25 PST","19.676666666666666","99654.6","329.14","1457053.22"
"2022/12/21 10:30 PST","20.31","97211.55333333333","333.43666666666667","1430600.9166666667"
"2022/12/21 10:35 PST","18.483333333333334","101139.89666666667","350.64","1491147.0833333333"
"2022/12/21 10:40 PST","18.81","97728.27333333333","382.9633333333333","1432770.2466666666"
"2022/12/21 10:45 PST","18.68","96092.32333333333","342.5","1411945.2466666666"
"2022/12/21 10:50 PST","19.763333333333332","96095.96666666666","344.73","1412847.61"
"2022/12/21 10:55 PST","17.503333333333334","94364.42666666667","345.56666666666666","1392471.6433333333"
"2022/12/21 11:00 PST","17.94","93971.97333333333","341.3433333333333","1384876.2166666666"
"2022/12/21 11:05 PST","17.69333333333333","106193.97666666667","355.49666666666667","1572918.72"
"2022/12/21 11:10 PST","17.763333333333332","103222.83333333333","349.9433333333333","1507541.8533333333"
"2022/12/21 11:15 PST","16.84","99914.86","336.7866666666667","1457468.7633333334"
"2022/12/21 11:20 PST","18.376666666666665","99197.34333333334","335.17","1446958.6066666667"
"2022/12/21 11:25 PST","16.276666666666667","95472.17666666667","332.14","1394440.4533333334"
"2022/12/21 11:30 PST","16.996666666666666","94241.62666666666","332.62333333333333","1380897.34"
"2022/12/21 11:35 PST","15.903333333333334","96782.24","344.5233333333333","1420344.8833333333"
"2022/12/21 11:40 PST","17.86","94317.37666666666","349.44","1383586.0066666666"
"2022/12/21 11:45 PST","17.79","93389.28333333334","334.4","1371730.2233333334"
"2022/12/21 11:50 PST","17.403333333333332","93884.68333333333","350.3333333333333","1381970.3"
"2022/12/21 11:55 PST","17.31","92450.51333333334","345.37333333333333","1360028.7133333334"
"2022/12/21 12:00 PST","18.523333333333333","92797.94666666667","343.87666666666667","1362141.1"
"2022/12/21 12:05 PST","18.906666666666666","105644.99","339.3433333333333","1556063.6433333333"
"2022/12/21 12:10 PST","18.85","101827.64666666667","339.9766666666667","1484798.47"
"2022/12/21 12:15 PST","17.48","99389.28333333334","342.1066666666667","1456421.1233333333"
"2022/12/21 12:20 PST","19.12","99589.56666666667","337.76666666666665","1458653.7333333334"
"2022/12/21 12:25 PST","20.95","96471.93666666666","345.85333333333335","1404811.0266666666"
"2022/12/21 12:30 PST","21.136666666666667","95501.32","367.7866666666667","1392507.5466666666"
"2022/12/21 12:35 PST","20.413333333333334","99218.59","364.02666666666664","1448723.1333333333"
"2022/12/21 12:40 PST","20.733333333333334","96179.32333333333","342.58","1404334.2633333334"
"2022/12/21 12:45 PST","19.673333333333332","95462.80666666667","338.8566666666667","1394195.7233333334"
"2022/12/21 12:50 PST","20.14","96217.95","332.87666666666667","1401605.62"
"2022/12/21 12:55 PST","16.243333333333332","94147.94666666667","328.8333333333333","1369267.1866666668"
"2022/12/21 13:00 PST","16.81","93867.72666666667","329.00666666666666","1363252.07"
"2022/12/21 13:05 PST","17.673333333333332","106002.96333333333","343.50333333333333","1549056.5333333334"
"2022/12/21 13:10 PST","16.823333333333334","102689.27","340.30333333333334","1484905.4433333334"
"2022/12/21 13:15 PST","17.546666666666667","100684.25666666667","330.09","1459865.6766666668"
"2022/12/21 13:20 PST","16.76","100879.34333333334","330.7866666666667","1460500.4266666668"
"2022/12/21 13:25 PST","16.446666666666665","98090.14666666667","326.63666666666666","1416601.92"
"2022/12/21 13:30 PST","16.34","96579.07","319.33666666666664","1396711.3466666667"
"2022/12/21 13:35 PST","16.55","99695.58666666667","348.3566666666667","1441581.7033333334"
"2022/12/21 13:40 PST","16.303333333333335","96585.01666666666","318.21666666666664","1395591.0833333333"
"2022/12/21 13:45 PST","17.23","94815.26333333334","313.4","1370789.4966666666"
"2022/12/21 13:50 PST","17.13","96029.66333333333","308.35","1390757.22"
"2022/12/21 13:55 PST","18.79","94533.95333333334","331.4633333333333","1364793.7366666666"
"2022/12/21 14:00 PST","17.62","93850.55333333333","309.67333333333335","1352248.0133333334"
"2022/12/21 14:05 PST","17.826666666666668","105643.94","342.53","1526807.27"
"2022/12/21 14:10 PST","18.87","102574.49","308.51","1469024.1466666667"
"2022/12/21 14:15 PST","18.436666666666667","99778.56333333334","308.6666666666667","1428959.8833333333"
"2022/12/21 14:20 PST","19.19333333333333","98867.33666666667","305.06","1415951.5033333334"
"2022/12/21 14:25 PST","16.65","96871.95666666667","306.1566666666667","1382592.2333333334"
"2022/12/21 14:30 PST","17.683333333333334","95582.04333333333","305.8233333333333","1362977.4633333334"
"2022/12/21 14:35 PST","17.963333333333335","97253.72","322.33","1389260.6666666667"
"2022/12/21 14:40 PST","18.07","94580.27333333333","308.37","1351030.4066666667"
"2022/12/21 14:45 PST","16.596666666666668","93953.84333333334","289.23333333333335","1342103.6233333333"
"2022/12/21 14:50 PST","17.513333333333332","93542.73333333334","291.6566666666667","1334469.96"
"2022/12/21 14:55 PST","18.546666666666667","92035.16333333333","288.82","1312543.4"
"2022/12/21 15:00 PST","18.726666666666667","91253.07333333333","299.22333333333336","1300154.97"
"2022/12/21 15:05 PST","17.426666666666666","106575.47666666667","308.43","1523106.96"
"2022/12/21 15:10 PST","18.99","104010.96","326.33666666666664","1461186.59"
"2022/12/21 15:15 PST","15.916666666666666","98164.64666666667","294.94666666666666","1384998.33"
"2022/12/21 15:20 PST","18.926666666666666","98332.9","283.88","1403441.58"
"2022/12/21 15:25 PST","18.703333333333333","95620.91","287.94666666666666","1348031.85"
"2022/12/21 15:30 PST","16.626666666666665","94984.41666666667","287.7633333333333","1339330.07"
"2022/12/21 15:35 PST","15.063333333333333","97624.68666666666","286.03","1370132.1033333333"
"2022/12/21 15:40 PST","15.756666666666666","93909.02333333333","290.0133333333333","1317375.8166666667"
"2022/12/21 15:45 PST","16.156666666666666","92373.53333333334","285.26","1296499.7433333334"
"2022/12/21 15:50 PST","14.796666666666667","92048.17333333334","273.09","1293108.0966666667"
"2022/12/21 15:55 PST","13.756666666666666","90635.26666666666","278.86","1273219.4833333334"
"2022/12/21 16:00 PST","13.953333333333333","89413.62333333334","277.2366666666667","1254052.81"
"2022/12/21 16:05 PST","15.553333333333333","102009.72666666667","285.43666666666667","1432708.43"
"2022/12/21 16:10 PST","15.67","98139.69","272.5566666666667","1368680.3133333332"
"2022/12/21 16:15 PST","16.59","95555.17","278.8833333333333","1331142.79"
"2022/12/21 16:20 PST","14.47","93434.28666666667","275.0233333333333","1308551.1733333333"
"2022/12/21 16:25 PST","15.606666666666667","91916.80666666667","262.62666666666667","1278006.43"
"2022/12/21 16:30 PST","13.23","91082.68666666666","264.5233333333333","1263046.59"
"2022/12/21 16:35 PST","14.393333333333333","94112.85666666667","268.41","1309071.5266666666"
"2022/12/21 16:40 PST","14.52","89750.90666666666","277.4","1240738.14"
"2022/12/21 16:45 PST","14.836666666666666","87226.09333333334","267.34","1213119.1666666667"
"2022/12/21 16:50 PST","14.89","87135.92333333334","267.31666666666666","1217108.3866666667"
"2022/12/21 16:55 PST","13.656666666666666","86140.14","271.0933333333333","1200735.3733333333"
"2022/12/21 17:00 PST","14.126666666666667","85443.04","263.36333333333334","1190512.6866666668"
"2022/12/21 17:05 PST","16.983333333333334","96820.19","272.74666666666667","1359447.9966666666"
"2022/12/21 17:10 PST","15.196666666666667","94221.88333333333","270.3566666666667","1301693.6833333333"
"2022/12/21 17:15 PST","16.24","92679.98333333334","269.92333333333335","1282667.0666666667"
"2022/12/21 17:20 PST","16.33","92737.59","262.00333333333333","1284288.6366666667"
"2022/12/21 17:25 PST","15.446666666666667","90308.71","267.5733333333333","1248217.3733333333"
"2022/12/21 17:30 PST","13.97","88388.36333333333","262.24666666666667","1222944.2533333334"
"2022/12/21 17:35 PST","14.48","90448.33333333333","271.4066666666667","1254498.34"
"2022/12/21 17:40 PST","14.923333333333334","86879.47666666667","279.35","1203422.44"
"2022/12/21 17:45 PST","13.63","85610.99333333333","251.00333333333333","1190754.4166666667"
"2022/12/21 17:50 PST","12.89","85746.66666666667","264.97","1194166.5"
"2022/12/21 17:55 PST","13.49","85050.81666666667","264.02666666666664","1184727.5533333332"
"2022/12/21 18:00 PST","13.506666666666666","84076.53666666667","261.03","1167226.79"
"2022/12/21 18:05 PST","14.056666666666667","91938.14333333333","264.38","1284039.5333333334"
"2022/12/21 18:10 PST","13.786666666666667","88381.01666666666","266.01","1220871.9"
"2022/12/21 18:15 PST","15.83","87680.62333333334","251.86666666666667","1213811.2833333334"
"2022/12/21 18:20 PST","15.323333333333334","87290.11","257.16","1205292.99"
"2022/12/21 18:25 PST","14.49","85297.87666666666","258.76666666666665","1180807.39"
"2022/12/21 18:30 PST","14.46","84372.07","252.91","1166106.7633333334"
"2022/12/21 18:35 PST","13.136666666666667","86319.72666666667","257.84","1194886.31"
"2022/12/21 18:40 PST","12.066666666666666","84431.43","251.98","1169305.11"
"2022/12/21 18:45 PST","13.383333333333333","84137.53333333334","252.77333333333334","1163720.87"
"2022/12/21 18:50 PST","14.393333333333333","84282.44333333333","251.8","1165095.17"
"2022/12/21 18:55 PST","13.923333333333334","83353.78666666667","254.08666666666667","1152314.4433333334"
"2022/12/21 19:00 PST","12.613333333333333","83506.97333333333","251.91333333333333","1151047.3"
"2022/12/21 19:05 PST","13.526666666666667","91983.85666666667","260.25","1274655.5933333333"
"2022/12/21 19:10 PST","13.056666666666667","89350.34666666666","257.24","1226684.41"
"2022/12/21 19:15 PST","15.113333333333333","88125.98","246.47","1208646.6566666667"
"2022/12/21 19:20 PST","15.62","87417.98333333334","263.4066666666667","1201010.4933333334"
"2022/12/21 19:25 PST","15.303333333333333","86404.40333333334","250.6","1187831.4866666666"
"2022/12/21 19:30 PST","15.836666666666666","85246.66333333333","247.05333333333334","1171138.6366666667"
"2022/12/21 19:35 PST","16.14","86782.53","249.85333333333332","1193649.6666666667"
"2022/12/21 19:40 PST","16.35","85475.92333333334","249.16333333333333","1175013.8133333332"
"2022/12/21 19:45 PST","15.453333333333333","85552.20333333334","240.48666666666668","1171070.4933333334"
"2022/12/21 19:50 PST","15.193333333333333","85622.34333333334","245.47333333333333","1168969.6333333333"
"2022/12/21 19:55 PST","12.74","85112.88333333333","242.30333333333334","1159999.3166666667"
"2022/12/21 20:00 PST","13.063333333333333","85318.09333333334","248.74333333333334","1156177.91"
"2022/12/21 20:05 PST","14.09","90720.95","247.29","1229258.7266666666"
"2022/12/21 20:10 PST","13.803333333333333","87233.15","256.32666666666665","1179633.32"
"2022/12/21 20:15 PST","13.61","87382.73","242.06666666666666","1181900.7766666666"
"2022/12/21 20:20 PST","13.54","86035.38333333333","256.21666666666664","1163387.5433333332"
"2022/12/21 20:25 PST","15.983333333333333","84551.25333333333","241.67","1142846.8066666666"
"2022/12/21 20:30 PST","15.203333333333333","83960.80333333333","240.24","1133227.7966666666"
"2022/12/21 20:35 PST","16.64","84980.24666666667","239.57","1145232.5366666666"
"2022/12/21 20:40 PST","15.823333333333334","83158.71","243.32666666666665","1123013.1966666668"
"2022/12/21 20:45 PST","16.383333333333333","82354.43","237.54","1114842.68"
"2022/12/21 20:50 PST","16.733333333333334","82339.63","238.02","1113593.2433333334"
"2022/12/21 20:55 PST","13.55","81818.70333333334","234.89333333333335","1103692.3633333333"
"2022/12/21 21:00 PST","12.386666666666667","82042.61333333333","245.83","1103005.2733333334"
"2022/12/21 21:05 PST","12.206666666666667","89488.52666666667","252.93666666666667","1200470.88"
"2022/12/21 21:10 PST","12.41","86469.27333333333","247.03333333333333","1155378.7766666666"
"2022/12/21 21:15 PST","13.213333333333333","85803.70333333334","240.09666666666666","1144327.3033333332"
"2022/12/21 21:20 PST","11.836666666666666","86208.06333333334","241.38","1166112.98"
"2022/12/21 21:25 PST","13.306666666666667","84672.23","240.19666666666666","1131362.4166666667"
"2022/12/21 21:30 PST","15.503333333333334","84017.47666666667","237.8","1120709.9233333333"
"2022/12/21 21:35 PST","16.766666666666666","85707.26333333334","244.78666666666666","1138094.4066666667"
"2022/12/21 21:40 PST","15.65","83905.78666666667","234.86333333333334","1118300.5233333334"
"2022/12/21 21:45 PST","15.276666666666667","83757.62333333334","237.82","1114942.9666666666"
"2022/12/21 21:50 PST","15.813333333333333","83959.38","236.05","1116681.4666666666"
"2022/12/21 21:55 PST","13.633333333333333","83467.92","240.82333333333332","1111033.6333333333"
"2022/12/21 22:00 PST","14.913333333333334","83275.76666666666","246.70666666666668","1107557.0766666667"
"2022/12/21 22:05 PST","16.04","94341.53","254.08","1249853.0366666666"
"2022/12/21 22:10 PST","13.16","90124.68","247.05333333333334","1183242.39"
"2022/12/21 22:15 PST","12.176666666666666","89272.17666666667","243.42333333333335","1170627.28"
"2022/12/21 22:20 PST","13.833333333333334","88028.53666666667","252.12333333333333","1161876.8866666667"
"2022/12/21 22:25 PST","13.173333333333334","85966.30333333333","267.2966666666667","1130347.61"
"2022/12/21 22:30 PST","12.936666666666667","85383.26","267.22","1124198.5966666667"
"2022/12/21 22:35 PST","14.013333333333334","88390.66","269.25333333333333","1162774.6166666667"
"2022/12/21 22:40 PST","13.113333333333333","85651.66","279.38","1131106.0233333334"
"2022/12/21 22:45 PST","13.713333333333333","84916.46333333333","275.07","1121785.5166666666"
"2022/12/21 22:50 PST","12.966666666666667","85243.45","276.6933333333333","1124859.9133333333"
"2022/12/21 22:55 PST","14.683333333333334","84001.52666666667","271.38666666666666","1111185.6566666667"
"2022/12/21 23:00 PST","13.923333333333334","83715.63","272.0566666666667","1108382.7666666666"
"2022/12/21 23:05 PST","15.816666666666666","96452.23666666666","286.75333333333333","1275255.63"
"2022/12/21 23:10 PST","14.763333333333334","93547.69666666667","275.73333333333335","1227385.25"
"2022/12/21 23:15 PST","15.213333333333333","91181.01333333334","278.7966666666667","1195327.0666666667"
"2022/12/21 23:20 PST","14.336666666666666","90092.20333333334","278.2733333333333","1188474.5966666667"
"2022/12/21 23:25 PST","15.04","87775.03","287.35","1159141.87"
"2022/12/21 23:30 PST","14.946666666666667","86872.27333333333","277.17","1150002.3"
"2022/12/21 23:35 PST","15.48","90473.61666666667","281.24","1198990.6066666667"
"2022/12/21 23:40 PST","14.256666666666666","87643.50333333333","274.46","1163436.6633333333"
"2022/12/21 23:45 PST","14.496666666666666","86607.91666666667","273.94","1151770.2166666666"
"2022/12/21 23:50 PST","15.393333333333333","86946.68666666666","274.7133333333333","1160684.6233333333"
"2022/12/21 23:55 PST","15.946666666666667","86501.21666666666","274.01","1154098.0766666667"
"2022/12/22 00:00 PST","16.276666666666667","85895.87666666666","278.46666666666664","1147267.9966666666"
"2022/12/22 00:05 PST","19.096666666666668","101902.93","287.74","1365923.36"
"2022/12/22 00:10 PST","17.17","98715.84333333334","278.2733333333333","1306991.7333333334"
"2022/12/22 00:15 PST","19.94","99040.09","280.71","1310562.6233333333"
"2022/12/22 00:20 PST","20.303333333333335","101768.20333333334","276.55333333333334","1345104.26"
"2022/12/22 00:25 PST","18.33","99570.05666666667","284.93666666666667","1304864.1966666668"
"2022/12/22 00:30 PST","18.583333333333332","96583.13666666667","272.92333333333335","1268364.0566666666"
"2022/12/22 00:35 PST","18.423333333333332","96287.82","279.73","1281793.7166666666"
"2022/12/22 00:40 PST","18.76","92953.09333333334","275.4866666666667","1243524.89"
"2022/12/22 00:45 PST","17.4","92238.97","275.77666666666664","1238778.0866666667"
"2022/12/22 00:50 PST","18.376666666666665","92010.47666666667","274.43","1236893.86"
"2022/12/22 00:55 PST","15.956666666666667","89809.47333333333","276.12333333333333","1208883.7366666666"
"2022/12/22 01:00 PST","17.2","89328.70666666667","274.8","1206511.7866666666"
"2022/12/22 01:05 PST","17.583333333333332","102894.14666666667","283.68666666666667","1398562.72"
"2022/12/22 01:10 PST","17.74","98489.87666666666","275.6566666666667","1322764.4833333334"
"2022/12/22 01:15 PST","18.9","97426.87666666666","273.06666666666666","1306977.0033333334"
"2022/12/22 01:20 PST","19.663333333333334","96390.59","272.95","1296080.8333333333"
"2022/12/22 01:25 PST","17.446666666666665","92901.85666666667","276.8833333333333","1250585.4433333334"
"2022/12/22 01:30 PST","16.426666666666666","91212.72333333333","284.2366666666667","1232985.71"
"2022/12/22 01:35 PST","18.30666666666667","93500.19666666667","275.5833333333333","1264137.5633333332"
"2022/12/22 01:40 PST","19.516666666666666","90315.7","301.98","1226493.8166666667"
"2022/12/22 01:45 PST","18.563333333333333","89608.49","275.01","1217918.4666666666"
"2022/12/22 01:50 PST","17.196666666666665","89575.92","280.56","1219651.1833333333"
"2022/12/22 01:55 PST","18.173333333333332","88384.53","266.69","1203507.7366666666"
"2022/12/22 02:00 PST","17.53","88156.68666666666","267.59","1201836.3333333333"
"2022/12/22 02:05 PST","17.196666666666665","104207.02333333333","265.32","1410535.1333333333"
"2022/12/22 02:10 PST","17.88","102120.22666666667","267.32666666666665","1362132.7033333334"
"2022/12/22 02:15 PST","16.23","97944.58333333333","275.17333333333335","1313945.5"
"2022/12/22 02:20 PST","17.843333333333334","97075.74666666667","265.42333333333335","1308747.7166666666"
"2022/12/22 02:25 PST","18.826666666666668","94715.78333333334","267.12","1275306.2433333334"
"2022/12/22 02:30 PST","19.14666666666667","92290.78","264.35","1248072.79"
"2022/12/22 02:35 PST","18.303333333333335","95838.13333333333","262.26","1294721.34"
"2022/12/22 02:40 PST","18.42","93734.54","257.73333333333335","1266654.1833333333"
"2022/12/22 02:45 PST","19.843333333333334","92682.65333333334","263.6766666666667","1254104.7933333332"
"2022/12/22 02:50 PST","19.756666666666668","92679.86","263.4","1252969.47"
"2022/12/22 02:55 PST","18.516666666666666","91528.44","262.33","1240347.0966666667"
"2022/12/22 03:00 PST","18.91","91003.84666666666","265.7","1229682.7633333334"
"2022/12/22 03:05 PST","19.143333333333334","105235.17666666667","270.21666666666664","1423993.5633333332"
"2022/12/22 03:10 PST","19.003333333333334","101455.23","257.7","1364311.93"
"2022/12/22 03:15 PST","17.93","98369.65","263.31333333333333","1325027.6433333333"
"2022/12/22 03:20 PST","17.716666666666665","98662.71666666666","269.7866666666667","1327966.6066666667"
"2022/12/22 03:25 PST","15.753333333333334","96546.31666666667","337.91","1298702.04"
"2022/12/22 03:30 PST","15.933333333333334","94227.71","258.4066666666667","1272206.02"
"2022/12/22 03:35 PST","16.94333333333333","97906.67666666667","262.9766666666667","1318866.5166666666"
"2022/12/22 03:40 PST","16.506666666666668","95247.91","258.67333333333335","1290304.2466666666"
"2022/12/22 03:45 PST","15.173333333333334","95315.73333333334","271.7266666666667","1291360.1166666667"
"2022/12/22 03:50 PST","15.663333333333334","94294.62","269.0466666666667","1276645.37"
"2022/12/22 03:55 PST","15.816666666666666","92418.89","265.36","1254614.0466666666"
"2022/12/22 04:00 PST","15.063333333333333","92733.37333333334","266.68","1259827.9133333333"
"2022/12/22 04:05 PST","16.97","109786.18666666666","279.95","1503423.7"
"2022/12/22 04:10 PST","15.076666666666666","110896.58666666667","268.27","1488832.3133333332"
"2022/12/22 04:15 PST","18.003333333333334","108033.11333333333","275.3433333333333","1450381.3333333333"
"2022/12/22 04:20 PST","20.48","107280.23333333334","274.63","1437726.5466666666"
"2022/12/22 04:25 PST","21.25","104954.17","286.0966666666667","1410879.67"
"2022/12/22 04:30 PST","22.80666666666667","102826.97666666667","296.87666666666667","1382031.5633333332"
"2022/12/22 04:35 PST","19.326666666666668","106616.28666666667","302.83666666666664","1440155.9433333334"
"2022/12/22 04:40 PST","18.81","103118.92","301.7266666666667","1392410.6466666667"
"2022/12/22 04:45 PST","17.51","101358.26","304.82666666666665","1371896.6933333334"
"2022/12/22 04:50 PST","15.996666666666666","102305.50666666667","300.6933333333333","1388370.24"
"2022/12/22 04:55 PST","17.683333333333334","100878.26","299.30333333333334","1369128.03"
"2022/12/22 05:00 PST","17.203333333333333","101198.69","299.02666666666664","1372475.2366666666"
"2022/12/22 05:05 PST","17.11","118074.70333333334","321.9766666666667","1612145.5733333332"
"2022/12/22 05:10 PST","17.606666666666666","114816.88333333333","310.95","1563204.1466666667"
"2022/12/22 05:15 PST","18.223333333333333","110869.73333333334","304.27666666666664","1514204.6166666667"
"2022/12/22 05:20 PST","20","110438.51333333334","314.93666666666667","1511942.8566666667"
"2022/12/22 05:25 PST","18.766666666666666","106331.58333333333","313.32666666666665","1457845.2133333334"
"2022/12/22 05:30 PST","18.963333333333335","104500.56","301.12666666666667","1432447.1"
"2022/12/22 05:35 PST","19.66","108033.86333333333","306.8","1491786.65"
"2022/12/22 05:40 PST","18.453333333333333","105022.34","320.97","1450804.93"
"2022/12/22 05:45 PST","18.78","103184.37","305.7","1431266.2733333334"
"2022/12/22 05:50 PST","17.563333333333333","103105.86","314.32","1435977.3766666667"
"2022/12/22 05:55 PST","17.173333333333332","100870.11","301.46666666666664","1405372.7766666666"
"2022/12/22 06:00 PST","17.996666666666666","100880.35666666667","301.49666666666667","1408467.2966666666"
"2022/12/22 06:05 PST","20.076666666666668","118873.65333333334","323.9266666666667","1675820.79"
"2022/12/22 06:10 PST","22.85333333333333","120269.78","310.66333333333336","1672730.62"
"2022/12/22 06:15 PST","21.576666666666668","118064.48","335.7366666666667","1636842.23"
"2022/12/22 06:20 PST","21.096666666666668","116889.22333333333","306.2966666666667","1617016.31"
"2022/12/22 06:25 PST","19.673333333333332","111613.16","307.25","1545060.91"
"2022/12/22 06:30 PST","19.94","109322.01","304.54","1521216.2666666666"
"2022/12/22 06:35 PST","17.95","114065.99333333333","317.95","1597104.7666666666"
"2022/12/22 06:40 PST","16.916666666666668","111503.12","311.8066666666667","1556160.1566666667"
"2022/12/22 06:45 PST","17.75","109330.35","313.95666666666665","1522409.7866666666"
"2022/12/22 06:50 PST","20.31","109973.96","315.3566666666667","1539722.69"
"2022/12/22 06:55 PST","18.726666666666667","107826.40333333334","312.3333333333333","1509630.3833333333"
"2022/12/22 07:00 PST","18.153333333333332","106358.3","317.62","1493234.0033333334"
"2022/12/22 07:05 PST","18.62","119105.47666666667","324.1533333333333","1706332.2933333332"
"2022/12/22 07:10 PST","18.696666666666665","119203.22333333333","320.31333333333333","1697105.2866666666"
"2022/12/22 07:15 PST","16.62","115043.45333333334","315.61333333333334","1633190.82"
"2022/12/22 07:20 PST","19.983333333333334","113292.23","3082.6766666666667","1612750.4166666667"
"2022/12/22 07:25 PST","18.18","109511.1","491.94","1555348.1633333333"
"2022/12/22 07:30 PST","19.143333333333334","106434.13666666667","308.24333333333334","1517208.9533333334"
"2022/12/22 07:35 PST","19.186666666666667","109967.85666666667","312.7","1580129.1466666667"
"2022/12/22 07:40 PST","17.736666666666668","107008.69333333333","316.07666666666665","1534677.5866666667"
"2022/12/22 07:45 PST","17.723333333333333","105063.43333333333","311.42","1509773.2433333334"
"2022/12/22 07:50 PST","17.436666666666667","104698.59666666666","312.48333333333335","1510068.19"
"2022/12/22 07:55 PST","16.143333333333334","103839.08333333333","317.38","1497137.75"
"2022/12/22 08:00 PST","19.01","103673.70333333334","309.30333333333334","1491878.8066666666"
"2022/12/22 08:05 PST","17.71","117082.90333333334","324.0366666666667","1706299.9933333334"
"2022/12/22 08:10 PST","17.69","115909.39","319.3933333333333","1672839.4466666668"
"2022/12/22 08:15 PST","16.80666666666667","113458.92333333334","323.68","1631926.48"
"2022/12/22 08:20 PST","17.156666666666666","111676.37333333334","313.0733333333333","1601119.0533333332"
"2022/12/22 08:25 PST","19.27","106005.13","321.05333333333334","1526316.51"
"2022/12/22 08:30 PST","18.903333333333332","104734.72333333333","310.43666666666667","1511995.8866666667"
"2022/12/22 08:35 PST","18.523333333333333","108164.62","316.3433333333333","1568909.2366666666"
"2022/12/22 08:40 PST","18.17","103958.63333333333","311.87333333333333","1503152.3033333332"
"2022/12/22 08:45 PST","16.706666666666667","102384.54","309.3433333333333","1486582.2433333334"
"2022/12/22 08:50 PST","19.086666666666666","100724.96","303.56666666666666","1472911.3666666667"
"2022/12/22 08:55 PST","17.963333333333335","98823.07666666666","302.68","1437455.7466666666"
"2022/12/22 09:00 PST","20.13","98366.93","310.05333333333334","1428717.3566666667"
"2022/12/22 09:05 PST","17.88","114358.04666666666","343.0466666666667","1676364.3266666667"
"2022/12/22 09:10 PST","16.553333333333335","115034.80333333333","303.8066666666667","1663517.1833333333"
"2022/12/22 09:15 PST","16.766666666666666","111361.95666666667","298.27","1602979.92"
"2022/12/22 09:20 PST","17.756666666666668","110556.32666666666","303.5","1588140.47"
"2022/12/22 09:25 PST","17.573333333333334","106974.10333333333","302.03333333333336","1538668.4833333334"
"2022/12/22 09:30 PST","16.80666666666667","105055.74333333333","292.53333333333336","1516072.7733333334"
"2022/12/22 09:35 PST","16.633333333333333","108504.76","294.32666666666665","1572028.1333333333"
"2022/12/22 09:40 PST","16.55","103665.16333333333","298.57","1496231.8633333333"
"2022/12/22 09:45 PST","16.30666666666667","100090.59333333334","293.24666666666667","1445126.9633333334"
"2022/12/22 09:50 PST","16.363333333333333","99757.85666666667","297.7","1445349.4366666668"
"2022/12/22 09:55 PST","16.076666666666668","97440.35","291.6333333333333","1412370.53"
"2022/12/22 10:00 PST","16.526666666666667","96840.62333333334","284.28333333333336","1406561.7333333334"
"2022/12/22 10:05 PST","15.44","111270.76","300.97","1629412.12"
"2022/12/22 10:10 PST","16.95","109757.94333333333","298.49","1582546.9466666668"
"2022/12/22 10:15 PST","15.813333333333333","104252.87","295.59","1497943.1966666668"
"2022/12/22 10:20 PST","16.833333333333332","101328.42333333334","330.9266666666667","1465336.3433333333"
"2022/12/22 10:25 PST","18.123333333333335","98356.97666666667","377.83666666666664","1430965.47"
"2022/12/22 10:30 PST","17.006666666666668","98081.13666666667","311.8466666666667","1420982.1833333333"
"2022/12/22 10:35 PST","16.376666666666665","102040.20666666667","314.96666666666664","1482073.7266666666"
"2022/12/22 10:40 PST","16.463333333333335","98824.76333333334","308.0466666666667","1430992.39"
"2022/12/22 10:45 PST","16.026666666666667","97002.35333333333","309.0733333333333","1405611.75"
"2022/12/22 10:50 PST","16.16","97065.96666666666","307.91","1408433.79"
"2022/12/22 10:55 PST","14.37","94576.36333333333","314.98","1370055.6033333333"
"2022/12/22 11:00 PST","15.216666666666667","93948.13","304.54333333333335","1360238.22"
"2022/12/22 11:05 PST","16.02","106072.39333333333","310.0966666666667","1546555.3833333333"
"2022/12/22 11:10 PST","15.56","102442.58","322.68666666666667","1477841.9033333333"
"2022/12/22 11:15 PST","15.196666666666667","99444.35","324.51666666666665","1433715.61"
"2022/12/22 11:20 PST","15.99","97946.09666666666","317.82","1412479.8066666666"
"2022/12/22 11:25 PST","15.613333333333333","95498.83666666667","306.78","1378899.1433333333"
"2022/12/22 11:30 PST","15.836666666666666","94517.00666666667","310.95","1369718.0966666667"
"2022/12/22 11:35 PST","16.913333333333334","97661.9","310.16333333333336","1416029.28"
"2022/12/22 11:40 PST","15.826666666666666","94838.03","309.12666666666667","1370343.8833333333"
"2022/12/22 11:45 PST","15.326666666666666","93303.56333333334","306.1066666666667","1352984.9066666667"
"2022/12/22 11:50 PST","16.07","94130.55666666667","304.1333333333333","1366902.8"
"2022/12/22 11:55 PST","15.436666666666667","92906.39666666667","308.2366666666667","1345683.4133333333"
"2022/12/22 12:00 PST","15.266666666666667","92285.43","309.52","1336936.6466666667"
"2022/12/22 12:05 PST","15.4","104539.54333333333","305.33","1528680.3766666667"
"2022/12/22 12:10 PST","15.38","101103.79666666666","309.36333333333334","1463602.8633333333"
"2022/12/22 12:15 PST","15.796666666666667","99362.42666666667","302.9266666666667","1438664.6766666668"
"2022/12/22 12:20 PST","15.353333333333333","99029.80666666667","294.7733333333333","1431798.2366666666"
"2022/12/22 12:25 PST","16.586666666666666","97563.01","303.27666666666664","1408973.27"
"2022/12/22 12:30 PST","17.18","96692.15666666666","293.5133333333333","1395744.9566666668"
"2022/12/22 12:35 PST","17.583333333333332","98944.89666666667","296.36","1426334.3"
"2022/12/22 12:40 PST","16.296666666666667","95546.32333333333","293.33","1379600.65"
"2022/12/22 12:45 PST","16.903333333333332","95019.59333333334","293.69","1370287.96"
"2022/12/22 12:50 PST","16.516666666666666","94544.87","294.2733333333333","1360902.4533333334"
"2022/12/22 12:55 PST","15.836666666666666","93892.56666666667","295.97","1349087.9033333333"
"2022/12/22 13:00 PST","14.913333333333334","94179.38","293.26666666666665","1352317.8766666667"
"2022/12/22 13:05 PST","15.28","105883.74333333333","305.2033333333333","1527948.7666666666"
"2022/12/22 13:10 PST","15.326666666666666","102998.29666666666","299.18666666666667","1472906.94"
"2022/12/22 13:15 PST","14.63","100801.26333333334","290.1","1439268.9"
"2022/12/22 13:20 PST","17.053333333333335","100648.59","286.79333333333335","1437875.6466666667"
"2022/12/22 13:25 PST","16.403333333333332","98638.74666666667","282.98","1406790.27"
"2022/12/22 13:30 PST","16.536666666666665","96715.42333333334","280.54","1377679.35"
"2022/12/22 13:35 PST","15.84","99297.66666666667","281.58666666666664","1413770.56"
"2022/12/22 13:40 PST","15.58","95756.11666666667","284.54","1366911.85"
"2022/12/22 13:45 PST","14.39","94298.01","278.07666666666665","1346183.52"
"2022/12/22 13:50 PST","15.73","94278.88333333333","287.3933333333333","1347798.6266666667"
"2022/12/22 13:55 PST","17.38","93239.51","289.93","1332297.3333333333"
"2022/12/22 14:00 PST","15.693333333333333","93595.00333333333","281.07","1332629.1433333333"
"2022/12/22 14:05 PST","18.33","105341.31666666667","294.22333333333336","1506364.8033333332"
"2022/12/22 14:10 PST","17.376666666666665","102166.13666666667","278.73333333333335","1447808.5733333332"
"2022/12/22 14:15 PST","18.626666666666665","98781.23333333334","321.03333333333336","1394348.9266666668"
"2022/12/22 14:20 PST","17.793333333333333","98915.94","273.84","1390427.6833333333"
"2022/12/22 14:25 PST","18.23","96643.06","290.58","1356997.6633333333"
"2022/12/22 14:30 PST","17.723333333333333","95093.77333333333","275.68","1335845.34"
"2022/12/22 14:35 PST","17.11","97307.33666666667","272.44","1368343.5766666667"
"2022/12/22 14:40 PST","17.936666666666667","94158.44333333333","269.23","1325453.4"
"2022/12/22 14:45 PST","16.416666666666668","93104.62","269.58666666666664","1309906.49"
"2022/12/22 14:50 PST","16.936666666666667","93287.75666666667","265.52","1315074.61"
"2022/12/22 14:55 PST","16.143333333333334","92208.59333333334","276.9166666666667","1296531.5633333332"
"2022/12/22 15:00 PST","16.01","91697.66","257.09","1289687.0966666667"
"2022/12/22 15:05 PST","16.076666666666668","106931.56333333334","267.02666666666664","1503972.0533333332"
"2022/12/22 15:10 PST","15.503333333333334","102822.04","256.43333333333334","1431944.41"
"2022/12/22 15:15 PST","15.656666666666666","98351.75333333333","262.66333333333336","1368838.47"
"2022/12/22 15:20 PST","16.61","96766.1","254.02666666666667","1362644.8766666667"
"2022/12/22 15:25 PST","15.103333333333333","94815.61666666667","266.8566666666667","1320070.4633333334"
"2022/12/22 15:30 PST","13.91","93852.76333333334","257.3466666666667","1304856.2366666666"
"2022/12/22 15:35 PST","15.45","96541.67666666667","250.18666666666667","1342542.4933333334"
"2022/12/22 15:40 PST","13.62","93075.17","260.8466666666667","1290983"
"2022/12/22 15:45 PST","15.063333333333333","91064.35","249.58333333333334","1267489.3033333332"
"2022/12/22 15:50 PST","14.593333333333334","91193.81666666667","249.81666666666666","1268708.98"
"2022/12/22 15:55 PST","13.916666666666666","89415.75","251.37","1239714.12"
"2022/12/22 16:00 PST","14.883333333333333","88795.52333333333","254.51666666666668","1229275.9066666667"
"2022/12/22 16:05 PST","16.373333333333335","101648.56","258.95666666666665","1410576.97"
"2022/12/22 16:10 PST","14.52","96888","251.94","1340701.4566666668"
"2022/12/22 16:15 PST","14.496666666666666","94942.14","252.17666666666668","1310121.65"
"2022/12/22 16:20 PST","15.36","93204.23666666666","254.54333333333332","1290698.2633333334"
"2022/12/22 16:25 PST","16.10333333333333","91314.82","250.23333333333332","1258869.14"
"2022/12/22 16:30 PST","14.51","90186.08666666667","251.80666666666667","1240976.94"
"2022/12/22 16:35 PST","16.10333333333333","92417.01","265.25333333333333","1276180.3866666667"
"2022/12/22 16:40 PST","15.673333333333334","89518.38333333333","287.1533333333333","1229658.46"
"2022/12/22 16:45 PST","16.366666666666667","87213.77","285.11","1201267.5333333334"
"2022/12/22 16:50 PST","15.18","87133.86333333333","277.09","1203339.2933333332"
"2022/12/22 16:55 PST","13.596666666666666","85886.96666666666","280.12666666666667","1183829.1133333333"
"2022/12/22 17:00 PST","13.543333333333333","85642.06666666667","284.43","1176500.6933333334"
"2022/12/22 17:05 PST","12.64","96605.53666666667","279.2866666666667","1341716.0466666666"
"2022/12/22 17:10 PST","15.436666666666667","94913.37333333334","272.69666666666666","1300659.9533333334"
"2022/12/22 17:15 PST","15.22","92780.40666666666","280.91","1270054.8333333333"
"2022/12/22 17:20 PST","14.116666666666667","91220.30666666667","283.31333333333333","1248022.91"
"2022/12/22 17:25 PST","16.113333333333333","89021.81666666667","272.10333333333335","1218568.3733333333"
"2022/12/22 17:30 PST","16.553333333333335","87948.93666666666","268.82666666666665","1203369.5366666666"
"2022/12/22 17:35 PST","13.55","90126.36666666667","264.3333333333333","1237726.76"
"2022/12/22 17:40 PST","12.273333333333333","87272.61","264.96666666666664","1197227.93"
"2022/12/22 17:45 PST","14.263333333333334","85992.29","262.7633333333333","1182323.14"
"2022/12/22 17:50 PST","13.19","85393.29333333333","273.77","1174156.32"
"2022/12/22 17:55 PST","14.166666666666666","84217.98333333334","267.94","1158532.2766666666"
"2022/12/22 18:00 PST","12.893333333333333","83749.99333333333","268.29","1149657.7233333334"
"2022/12/22 18:05 PST","12.496666666666666","92109.13333333333","256.81","1275636.31"
"2022/12/22 18:10 PST","12.086666666666666","89485.95333333334","257.99666666666667","1223825.48"
"2022/12/22 18:15 PST","12.206666666666667","87340.86","255.94333333333333","1193855.4266666668"
"2022/12/22 18:20 PST","11.946666666666667","85991.99","261.53","1176746.3166666667"
"2022/12/22 18:25 PST","12.716666666666667","84296.27","257.37","1153930.7866666666"
"2022/12/22 18:30 PST","13.16","83103.50666666667","250.35","1137717.5733333332"
"2022/12/22 18:35 PST","15.276666666666667","85305.87333333334","252.60666666666665","1169417.12"
"2022/12/22 18:40 PST","14.58","83119.91333333333","260.81666666666666","1139429.1633333333"
"2022/12/22 18:45 PST","14.403333333333334","83513.32","257.06333333333333","1144521.57"
"2022/12/22 18:50 PST","14.446666666666667","83585.23333333334","261.51666666666665","1142736.2966666666"
"2022/12/22 18:55 PST","14.423333333333334","82704.63333333333","258.1933333333333","1133635.2433333334"
"2022/12/22 19:00 PST","13.253333333333334","82547.56","250.94333333333333","1127497.5933333333"
"2022/12/22 19:05 PST","14.473333333333333","91427.53666666667","258.23333333333335","1254837.3566666667"
"2022/12/22 19:10 PST","16.55","88846.03333333334","259.71666666666664","1209217.8"
"2022/12/22 19:15 PST","14.346666666666666","91117.76333333334","252.56333333333333","1232170.33"
"2022/12/22 19:20 PST","13.18","87450.94666666667","256.7033333333333","1185675.6633333333"
"2022/12/22 19:25 PST","12.16","85697.15666666666","265.49333333333334","1166312.2466666666"
"2022/12/22 19:30 PST","11.676666666666666","84882.87666666666","250.15666666666667","1154814.99"
"2022/12/22 19:35 PST","12.73","86834.05666666667","254.07666666666665","1183100.8166666667"
"2022/12/22 19:40 PST","14.096666666666666","85219.19","255.4","1160275.3566666667"
"2022/12/22 19:45 PST","11.936666666666667","84634.69","259.7266666666667","1150473.7066666668"
"2022/12/22 19:50 PST","11.783333333333333","84423.26333333334","246.73666666666668","1145027.3"
"2022/12/22 19:55 PST","12.973333333333333","83868.64","247.44333333333333","1136800.0866666667"
"2022/12/22 20:00 PST","12.063333333333333","83997.92","240.45333333333335","1133786.41"
"2022/12/22 20:05 PST","12.036666666666667","89840.46333333333","244.78666666666666","1210363.8366666667"
"2022/12/22 20:10 PST","12.593333333333334","87173.12333333334","251.80666666666667","1168970.4133333333"
"2022/12/22 20:15 PST","11.536666666666667","86314.00333333333","242.85333333333332","1157677.9366666668"
"2022/12/22 20:20 PST","11.8","86205.79","243.62666666666667","1159114.8766666667"
"2022/12/22 20:25 PST","13.026666666666667","84567.05333333333","238.35666666666665","1134298.06"
"2022/12/22 20:30 PST","11.993333333333334","83252.78333333334","237.62666666666667","1116711.2466666666"
"2022/12/22 20:35 PST","13.006666666666666","84347.40333333334","239.97","1129465.1733333333"
"2022/12/22 20:40 PST","14.683333333333334","82314.78333333334","232.13333333333333","1104866.9833333334"
"2022/12/22 20:45 PST","14.41","81682.94666666667","231.24","1097746.6666666667"
"2022/12/22 20:50 PST","14.983333333333333","82441.89333333333","236.75333333333333","1106847.5866666667"
"2022/12/22 20:55 PST","14.406666666666666","82598.07","239.04333333333332","1104825.8433333333"
"2022/12/22 21:00 PST","14.063333333333333","82709.19333333333","234.82","1103053.4433333334"
"2022/12/22 21:05 PST","12.373333333333333","90995.38333333333","239.26333333333332","1212034.29"
"2022/12/22 21:10 PST","12.4","87947.16666666667","237.64","1161885.16"
"2022/12/22 21:15 PST","11.69","86911.93333333333","234.59333333333333","1149025.71"
"2022/12/22 21:20 PST","11.956666666666667","86826.88666666667","233.21333333333334","1165201.2733333334"
"2022/12/22 21:25 PST","11.773333333333333","85339.75333333333","239.66666666666666","1129574.31"
"2022/12/22 21:30 PST","11.933333333333334","84914.25333333333","232.76","1122955.8133333332"
"2022/12/22 21:35 PST","12.023333333333333","86609.34","228.49333333333334","1143031.91"
"2022/12/22 21:40 PST","12.653333333333334","84964.02333333333","225.32333333333332","1122174.7133333334"
"2022/12/22 21:45 PST","11.943333333333333","83753.17333333334","233.21333333333334","1107147.8333333333"
"2022/12/22 21:50 PST","13.743333333333334","83817.59666666666","226.74333333333334","1106406.2266666666"
"2022/12/22 21:55 PST","13.17","82815.25666666667","231.72","1093932.4833333334"
"2022/12/22 22:00 PST","13.303333333333333","82323.30333333333","223.07666666666665","1086402.25"
"2022/12/22 22:05 PST","11.89","93894.18666666666","239.49333333333334","1238266.1766666668"
"2022/12/22 22:10 PST","13.24","91241.13333333333","245.57666666666665","1187728.5833333333"
"2022/12/22 22:15 PST","11.866666666666667","89631.98","228.82333333333332","1167216.42"
"2022/12/22 22:20 PST","14.2","88477.95","233.11333333333334","1162769.2366666666"
"2022/12/22 22:25 PST","13.623333333333333","86416.9","250.85333333333332","1131409.9933333334"
"2022/12/22 22:30 PST","13.466666666666667","86211.27","250.81","1128678.59"
"2022/12/22 22:35 PST","12.4","89031.83333333333","252.99","1163649.0966666667"
"2022/12/22 22:40 PST","13.64","86828.75333333333","257.42","1138146.67"
"2022/12/22 22:45 PST","12.776666666666667","85969.27","242.49","1124858.3"
"2022/12/22 22:50 PST","11.453333333333333","85087.32666666666","253.74","1114693.6766666668"
"2022/12/22 22:55 PST","13.023333333333333","84609.85","247.74333333333334","1110074.6633333333"
"2022/12/22 23:00 PST","13.966666666666667","84092.06333333334","246.31333333333333","1103878.22"
"2022/12/22 23:05 PST","16.363333333333333","96461.32666666666","261.99666666666667","1266060.33"
"2022/12/22 23:10 PST","18.406666666666666","93669.46333333333","256.84","1217601.2166666666"
"2022/12/22 23:15 PST","15.376666666666667","91857.46","244.53","1194966.87"
"2022/12/22 23:20 PST","15.553333333333333","91677.71","255.28666666666666","1198529.8733333333"
"2022/12/22 23:25 PST","15.22","89373.57333333333","256.84","1168470.56"
"2022/12/22 23:30 PST","16.363333333333333","88703.16333333333","254.15666666666667","1160485.56"
"2022/12/22 23:35 PST","14.996666666666666","91959.32666666666","254.14","1203541.0766666667"
"2022/12/22 23:40 PST","15.926666666666666","88872.22","255.42","1165378.37"
"2022/12/22 23:45 PST","14.84","87738.32","244.57666666666665","1153820.5"
"2022/12/22 23:50 PST","14.753333333333334","88242.64333333333","247.6","1162048.8633333333"
"2022/12/22 23:55 PST","16.423333333333332","87345.88333333333","250.64","1150976.9"
"2022/12/23 00:00 PST","15.47","88052.30666666667","246.89333333333335","1163922.5233333334"
"2022/12/23 00:05 PST","16.876666666666665","104787.15","265.3933333333333","1385477.21"
"2022/12/23 00:10 PST","16.106666666666666","99094.29333333333","256.88","1295176.7233333334"
"2022/12/23 00:15 PST","14.986666666666666","98131.27","253.18333333333334","1284903.02"
"2022/12/23 00:20 PST","15.696666666666667","96380.65666666666","254.72666666666666","1272264.4866666666"
"2022/12/23 00:25 PST","16.19333333333333","94312.66333333333","254.26333333333332","1243957.4733333334"
"2022/12/23 00:30 PST","15.796666666666667","93845.19","244.16","1236091.32"
"2022/12/23 00:35 PST","15.456666666666667","96266.38666666667","251.28666666666666","1270419.5433333332"
"2022/12/23 00:40 PST","14.853333333333333","92766.10333333333","247.84333333333333","1225919.2033333334"
"2022/12/23 00:45 PST","13.54","91334.52333333333","246.06666666666666","1210664.63"
"2022/12/23 00:50 PST","13.883333333333333","90146.45333333334","242.72333333333333","1198614.3633333333"
"2022/12/23 00:55 PST","14.28","89206.26","247.96666666666667","1188873.53"
"2022/12/23 01:00 PST","14.646666666666667","89214.88","243.19666666666666","1189464.2566666666"
"2022/12/23 01:05 PST","16","102976.34","258.06333333333333","1382162.4833333334"
"2022/12/23 01:10 PST","15.663333333333334","98393.20333333334","251.51","1305566.4"
"2022/12/23 01:15 PST","15.84","97479.79","250.20333333333335","1291098.0533333332"
"2022/12/23 01:20 PST","15.56","94386.23666666666","247.82","1254774.25"
"2022/12/23 01:25 PST","16.323333333333334","92184.3","245.11666666666667","1228546.16"
"2022/12/23 01:30 PST","16.31","91069.01","250.09666666666666","1214580.7233333334"
"2022/12/23 01:35 PST","15.816666666666666","94351.05333333333","255.37333333333333","1262551.2933333332"
"2022/12/23 01:40 PST","17.67","90693.41333333333","245.71","1212077.5566666666"
"2022/12/23 01:45 PST","17.486666666666668","89346.41","247.79666666666665","1196402.1266666667"
"2022/12/23 01:50 PST","17.786666666666665","89441.2","244.46","1199229.8566666667"
"2022/12/23 01:55 PST","15.043333333333333","88814.86","248.99333333333334","1191571.7433333334"
"2022/12/23 02:00 PST","15.603333333333333","88191.56333333334","244.32","1183775.4933333334"
"2022/12/23 02:05 PST","17.173333333333332","100530.19","252.62","1351887.6333333333"
"2022/12/23 02:10 PST","17.27","96740.15666666666","247.56","1289591.4933333334"
"2022/12/23 02:15 PST","14.99","96410.07333333333","251.93","1285475.5366666666"
"2022/12/23 02:20 PST","15.04","99210.27333333333","249.58333333333334","1305024.45"
"2022/12/23 02:25 PST","14.683333333333334","98236.23666666666","247.38333333333333","1289450.3733333333"
"2022/12/23 02:30 PST","15.666666666666666","99660.74333333333","237.41","1301416.7133333334"
"2022/12/23 02:35 PST","16.696666666666665","103342.00333333333","243.16","1338547.24"
"2022/12/23 02:40 PST","16.44","98414.64333333333","250.50666666666666","1280555.1433333333"
"2022/12/23 02:45 PST","15.096666666666666","96182.88333333333","248.57666666666665","1255940.0533333332"
"2022/12/23 02:50 PST","16.096666666666668","94985.95666666667","246.13333333333333","1249656.5233333334"
"2022/12/23 02:55 PST","16.473333333333333","92241.41333333333","261.1333333333333","1216799.5866666667"
"2022/12/23 03:00 PST","14.723333333333333","91703.24","256.17333333333335","1210384.7666666666"
"2022/12/23 03:05 PST","16.973333333333333","106420.34","249.77","1418232.1733333333"
"2022/12/23 03:10 PST","15.83","102626.46666666666","243.06","1351466.71"
"2022/12/23 03:15 PST","16.383333333333333","99296.58","248.72","1313429.4866666666"
"2022/12/23 03:20 PST","16.11","97389.70333333334","247.87","1292040.5966666667"
"2022/12/23 03:25 PST","15.756666666666666","94921.65666666666","249.64333333333335","1260395.9733333334"
"2022/12/23 03:30 PST","14.766666666666667","93432.54","242.26666666666668","1244176.3533333333"
"2022/12/23 03:35 PST","15.6","96651.79","257.24","1283565.0233333334"
"2022/12/23 03:40 PST","15.053333333333333","93364.65333333334","240.59333333333333","1242590.3266666667"
"2022/12/23 03:45 PST","14.45","92442.48","243.31","1235366.83"
"2022/12/23 03:50 PST","16.643333333333334","93423.12","244.53","1248645.74"
"2022/12/23 03:55 PST","17.366666666666667","91397.68666666666","248.25666666666666","1217836.0366666666"
"2022/12/23 04:00 PST","16.38","90414.16666666667","241.40333333333334","1207867.3366666667"
"2022/12/23 04:05 PST","17.14","106492.57","264.0733333333333","1438670.4066666667"
"2022/12/23 04:10 PST","16.546666666666667","108927.89666666667","256.4266666666667","1441941.5066666666"
"2022/12/23 04:15 PST","16.203333333333333","107611.48","252.72333333333333","1417273.7133333334"
"2022/12/23 04:20 PST","18.823333333333334","104212.14666666667","257.01666666666665","1367009.7866666666"
"2022/12/23 04:25 PST","19.963333333333335","100837.99333333333","252.53","1328698.5266666666"
"2022/12/23 04:30 PST","18.323333333333334","99685.49","266.57","1317128.4866666666"
"2022/12/23 04:35 PST","18.293333333333333","104654.93","277.21","1391384.79"
"2022/12/23 04:40 PST","15.603333333333333","101861.74666666667","277.5566666666667","1352288.0033333334"
"2022/12/23 04:45 PST","16.393333333333334","99720.21333333333","274.12666666666667","1325577.2333333334"
"2022/12/23 04:50 PST","15.8","99802.67333333334","291.0733333333333","1332250.8466666667"
"2022/12/23 04:55 PST","15.643333333333333","98399.67666666667","287.0966666666667","1312582.0666666667"
"2022/12/23 05:00 PST","15.01","98633.85","285.43","1312512.4033333333"
"2022/12/23 05:05 PST","15.46","113552.29333333333","292.43333333333334","1540067.81"
"2022/12/23 05:10 PST","15.693333333333333","113344.96333333333","289.93666666666667","1526540.7"
"2022/12/23 05:15 PST","15.106666666666667","110264.85","290.71666666666664","1482038.67"
"2022/12/23 05:20 PST","15.336666666666666","108679.35666666667","296.1333333333333","1460927.5433333332"
"2022/12/23 05:25 PST","16.166666666666668","105137.85","286.44","1414749.8533333333"
"2022/12/23 05:30 PST","15.52","103706.47333333333","280.4433333333333","1396579.45"
"2022/12/23 05:35 PST","15.723333333333333","106867.62","285.8466666666667","1447962.3333333333"
"2022/12/23 05:40 PST","16.976666666666667","102942.86","296.6666666666667","1394423.8166666667"
"2022/12/23 05:45 PST","17.116666666666667","101279.73","301.17333333333335","1374074.42"
"2022/12/23 05:50 PST","15.343333333333334","100653.56666666667","293.97","1369696.0533333332"
"2022/12/23 05:55 PST","16.506666666666668","98759.81666666667","296.5566666666667","1346647.9866666666"
"2022/12/23 06:00 PST","16.663333333333334","98295.73333333334","295.42","1342833.8233333332"
"2022/12/23 06:05 PST","18.11","115985.53","314.9533333333333","1623321.05"
"2022/12/23 06:10 PST","17.046666666666667","116368.59","312.64","1605232.6466666667"
"2022/12/23 06:15 PST","17.366666666666667","111697.85666666667","302.73333333333335","1534967.4766666666"
"2022/12/23 06:20 PST","17.906666666666666","109384.13666666667","295.50333333333333","1507446.61"
"2022/12/23 06:25 PST","16.55666666666667","103925.74666666667","296.18666666666667","1431513.14"
"2022/12/23 06:30 PST","14.383333333333333","101760.81666666667","301.57","1405571.6233333333"
"2022/12/23 06:35 PST","16.446666666666665","106868.95666666667","309.76","1490847.0366666666"
"2022/12/23 06:40 PST","15.813333333333333","102830.80666666667","313.88666666666666","1427054.1866666668"
"2022/12/23 06:45 PST","16.24","101400.16","302.5833333333333","1408474.3566666667"
"2022/12/23 06:50 PST","15.13","101468.29666666666","299.95","1418270.07"
"2022/12/23 06:55 PST","15.31","99318.26","306.0833333333333","1386262.8666666667"
"2022/12/23 07:00 PST","17.25","98818.35333333333","302.34","1380237.67"
"2022/12/23 07:05 PST","17.036666666666665","114852.63666666667","308.38","1633106.7166666666"
"2022/12/23 07:10 PST","17.356666666666666","115679.31333333334","304.34","1624390.1033333333"
"2022/12/23 07:15 PST","16.96","111695.40333333334","294.22","1560973.0666666667"
"2022/12/23 07:20 PST","15.286666666666667","109876.72666666667","306.5933333333333","1539470.5733333332"
"2022/12/23 07:25 PST","15.306666666666667","105668.09333333334","289.91333333333336","1475036.3366666667"
"2022/12/23 07:30 PST","15.216666666666667","103047.70333333334","283.3333333333333","1439213.6233333333"
"2022/12/23 07:35 PST","15.926666666666666","107250.38666666667","287.28333333333336","1512989.7433333334"
"2022/12/23 07:40 PST","15.973333333333333","103333.85333333333","290.0133333333333","1446312.9966666666"
"2022/12/23 07:45 PST","17.39666666666667","101085.26","283.87","1420584.37"
"2022/12/23 07:50 PST","16.92","101316.93666666666","285.98333333333335","1429552.39"
"2022/12/23 07:55 PST","17.666666666666668","99168.18666666666","292.13","1399629.09"
"2022/12/23 08:00 PST","17.04","98399.1","285.21","1389771.4466666668"
"2022/12/23 08:05 PST","18.906666666666666","112562.60666666667","298.8","1614288.0966666667"
"2022/12/23 08:10 PST","16.473333333333333","113489.79333333333","294.12333333333333","1605917.87"
"2022/12/23 08:15 PST","16.506666666666668","109866.23666666666","285.4","1550520.5233333334"
"2022/12/23 08:20 PST","17.323333333333334","107271.27333333333","297.38666666666666","1512945.5"
"2022/12/23 08:25 PST","15.193333333333333","102070.53666666667","299.57666666666665","1438269.0933333333"
"2022/12/23 08:30 PST","16.026666666666667","99941.01666666666","286.54333333333335","1411278.4866666666"
"2022/12/23 08:35 PST","17.67","103009.71666666666","281.11333333333334","1462916.0366666666"
"2022/12/23 08:40 PST","17.25","99089.68","289.9166666666667","1401393.1266666667"
"2022/12/23 08:45 PST","16.366666666666667","97395.58","282.34","1379496.4466666668"
"2022/12/23 08:50 PST","15.913333333333334","97585.03","283.54333333333335","1386155.3666666667"
"2022/12/23 08:55 PST","14.856666666666667","96528.24","276.9433333333333","1369547.33"
"2022/12/23 09:00 PST","14.266666666666667","96081.3","282.5133333333333","1361977.7666666666"
"2022/12/23 09:05 PST","15.666666666666666","110335.32333333333","281.06333333333333","1588503.3466666667"
"2022/12/23 09:10 PST","15.246666666666666","109696.74","279.89","1552931.8266666667"
"2022/12/23 09:15 PST","14.47","104047.93333333333","282.56","1464302.68"
"2022/12/23 09:20 PST","16.166666666666668","102821.42333333334","279.07666666666665","1454332.7266666666"
"2022/12/23 09:25 PST","16.183333333333334","100037.36333333333","285.3233333333333","1411393.74"
"2022/12/23 09:30 PST","17.036666666666665","97278.78","270.25666666666666","1373966.2433333334"
"2022/12/23 09:35 PST","17.23","99808.04666666666","279.48","1419289.9966666666"
"2022/12/23 09:40 PST","16.153333333333332","97044.17","281.6166666666667","1373303.3166666667"
"2022/12/23 09:45 PST","15.253333333333334","94634.37","274.87","1340485.4366666668"
"2022/12/23 09:50 PST","16.506666666666668","94469.43","273.7133333333333","1338734.61"
"2022/12/23 09:55 PST","9.216666666666667","92654.19","96.26333333333334","766312.35"
